CREATE DATABASE ams;
USE ams;
CREATE TABLE employee_info (
    emp_id INT PRIMARY KEY,
    emp_name VARCHAR(100),
    dept_name VARCHAR(100),
    designation VARCHAR(100)
);
INSERT INTO employee_info (emp_id, emp_name, dept_name, designation) VALUES
(9, 'Aravind Kumar Sharma', 'ELECTRICAL', 'SR. ELECTRICIAN'),
(10, 'Hemant Kumar Samal', 'DISPATCH', 'DISPATCH-INCHARGE'),
(11, 'Arman', 'TUBE MILL', 'MILL OPERATOR'),
(13, 'Ganour Ram', 'SLITTING', 'SLITTING INCHARGE'),
(17, 'Hasi Bul Mandal', 'WORKSHOP', 'FITTER'),
(18, 'Raman pasaman', 'SLITTING', 'SLITTNG OPERATOR'),
(19, 'Shyam Babu Pal', 'MAINTENANCE', 'MAINTENANCE HEAD'),
(20, 'Prasanna Kumar Bhoi', 'END FINISHING', 'FACING OPERATOR'),
(26, 'Pabitra Sahoo', 'END FINISHING', 'FACING OPERATOR'),
(27, 'Biswajit Jena', 'TUBE MILL', 'MILL OPERATOR'),
(32, 'Srikant Pal', 'DISPATCH', 'DISPATCH SUPERVISOR'),
(33, 'Anju yadav', 'TUBE MILL', 'COC OPERATOR'),
(35, 'Arjun Singh', 'WORKSHOP', 'WORKSHOP INCHARGE'),
(39, 'Sandeep yadav', 'TUBE MILL', 'COC OPERATOR'),
(46, 'Purna Chandra', 'BOTAN SINGH WORKERS', 'HELPER'),
(71, 'Sudheer ram', 'SLITTING', 'SLITTING HELPER'),
(80, 'Pancham Kumar', 'TUBE MILL', 'WELDER'),
(97, 'Kunal Verma', 'BOTAN SINGH WORKERS', 'HELPER'),
(127, 'Kaushal  Sen', 'BOTAN SINGH WORKERS', 'HELPER'),
(128, 'Sachin Kumar', 'MAINTENANCE', 'MAINTENANCE HELPER'),
(174, 'Bhimrao Govind', 'BOTAN SINGH WORKERS', 'HELPER'),
(276, 'Manoj Kumar', 'BOTAN SINGH WORKERS', 'HELPER'),
(281, 'Suresh pal', 'BOTAN SINGH WORKERS', 'HELPER'),
(285, 'Mannu Pal', 'BOTAN SINGH WORKERS', 'HELPER'),
(291, 'Ram Sukhrndra', 'BOTAN SINGH WORKERS', 'HELPER'),
(294, 'Beeru Kol', 'BOTAN SINGH WORKERS', 'HELPER'),
(295, 'Pritam', 'BOTAN SINGH WORKERS', 'HELPER'),
(296, 'Jitendrra Kol', 'BOTAN SINGH WORKERS', 'HELPER'),
(298, 'Bhaddi Kol', 'BOTAN SINGH WORKERS', 'HELPER'),
(299, 'Sonu Pal', 'BOTAN SINGH WORKERS', 'HELPER'),
(300, 'Gulab', 'BOTAN SINGH WORKERS', 'HELPER'),
(301, 'Pintu', 'BOTAN SINGH WORKERS', 'HELPER'),
(302, 'Raj Kumar', 'BOTAN SINGH WORKERS', 'HELPER'),
(304, 'Bharat', 'BOTAN SINGH WORKERS', 'HELPER'),
(313, 'Lali yaram', 'BOTAN SINGH WORKERS', 'HELPER'),
(314, 'Ram Lal', 'BOTAN SINGH WORKERS', 'HELPER'),
(315, 'Dhani ram', 'BOTAN SINGH WORKERS', 'HELPER'),
(316, 'Avnish Kumar', 'BOTAN SINGH WORKERS', 'HELPER'),
(317, 'Nizzamuddin', 'BOTAN SINGH WORKERS', 'HELPER'),
(319, 'Bhupendra', 'BOTAN SINGH WORKERS', 'HELPER'),
(2000, 'Gv.yuvaramtej', 'GENERAL', 'STORE SUPERVISOR'),
(2004, 'Dharmendar', 'TUBE MILL', 'COC OPERATOR'),
(2005, 'sonu kumar', 'SLITTING', 'SLITTING HELPER'),
(2009, 'Sharad Hanmant', 'TUBE MILL', 'PRODUCTION SUPERVISOR'),
(2016, 'Vipin Pal', 'WORKSHOP', 'WORKSHOP HELPER'),
(2042, 'Dheraj patel', 'ELECTRICAL', 'JR. ELECTRICIAN'),
(2056, 'Ranjeet Yadav', 'TUBE MILL', 'COC OPERATOR'),
(2057, 'Ravi Ranjan kumar', 'TUBE MILL', 'WELDER'),
(2059, 'Ashru Mochan', 'END FINISHING', 'FACING HELPER'),
(2063, 'Subrat Kumar Mallick', 'TUBE MILL', 'WELDER'),
(2067, 'Guddu Kumar', 'DISPATCH', 'DISPATCH SUPERVISOR'),
(2070, 'Ravindra', 'ELECTRICAL', 'ELECTRICIAN HELPER'),
(2077, 'Parshuram', 'END FINISHING', 'FACING OPERATOR'),
(2078, 'Vinod', 'END FINISHING', 'FACING HELPER'),
(2080, 'Hemant Kumar', 'END FINISHING', 'FACING HELPER'),
(2087, 'Balram', 'TUBE MILL', 'BABRI HELPER'),
(4053, 'Kripa Shankar', 'TUBE MILL', 'ASSISTANT FOREMAN'),
(4167, 'Banshi Dhar Datta', 'MAINTENANCE', 'MAINTENANCE HEAD'),
(10049, 'Badri Patel', 'DISPATCH', 'BILLING EXECUTIVE'),
(10081, 'Ganesh', 'GENERAL', 'IT EXECUTIVE'),
(22103, 'Shankarsham Nayak', 'EOT', 'EOT MAINTENANCE');





CREATE TABLE shift_info (
	emp_id INT,
    shift_name VARCHAR(255) ,
    FOREIGN KEY (emp_id) REFERENCES employee_info(emp_id)
);
INSERT INTO shift_info (emp_id, shift_name) VALUES
(9, 'Day'),
(10, 'Day'),
(11, 'Day'),
(13, 'Day'),
(17, 'Day'),
(18, 'Day'),
(19, 'Day'),
(20, 'Day'),
(26, 'Day'),
(27, 'Day'),
(32, 'Day'),
(33, 'Day'),
(35, 'Day'),
(39, 'Day'),
(46, 'Day'),
(71, 'Day'),
(80, 'Day'),
(97, 'Day'),
(127, 'Day'),
(128, 'Day'),
(174, 'Day'),
(276, 'Day'),
(281, 'Day'),
(285, 'Day'),
(291, 'Day'),
(294, 'Day'),
(295, 'Day'),
(296, 'Day'),
(298, 'Day'),
(299, 'Day'),
(300, 'Night'),
(301, 'Night'),
(302, 'Night'),
(304, 'Night'),
(313, 'Night'),
(314, 'Night'),
(315, 'Night'),
(316, 'Night'),
(317, 'Night'),
(319, 'Night'),
(2000, 'Night'),
(2004, 'Night'),
(2005, 'Night'),
(2009, 'Night'),
(2016, 'Night'),
(2042, 'Night'),
(2056, 'Night'),
(2057, 'Night'),
(2059, 'Night'),
(2063, 'Night'),
(2067, 'Night'),
(2070, 'Night'),
(2077, 'Night'),
(2078, 'Night'),
(2080, 'Night'),
(2087, 'Night'),
(4053, 'Night'),
(4167, 'Night'),
(10049, 'Night'),
(10081, 'Night'),
(22103, 'Night');

CREATE TABLE dept_info (
    dept_name VARCHAR(255) ,
    emp_id INT,
    FOREIGN KEY (emp_id) REFERENCES employee_info(emp_id)
);
INSERT INTO dept_info (dept_name, emp_id) VALUES
('ELECTRICAL', 9),
('DISPATCH', 10),
('TUBE MILL', 11),
('SLITTING', 13),
('WORKSHOP', 17),
('SLITTING', 18),
('MAINTENANCE', 19),
('END FINISHING', 20),
('END FINISHING', 26),
('TUBE MILL', 27),
('DISPATCH', 32),
('TUBE MILL', 33),
('WORKSHOP', 35),
('TUBE MILL', 39),
('BOTAN SINGH WORKERS', 46),
('SLITTING', 71),
('TUBE MILL', 80),
('BOTAN SINGH WORKERS', 97),
('BOTAN SINGH WORKERS', 127),
('MAINTENANCE', 128),
('BOTAN SINGH WORKERS', 174),
('BOTAN SINGH WORKERS', 276),
('BOTAN SINGH WORKERS', 281),
('BOTAN SINGH WORKERS', 285),
('BOTAN SINGH WORKERS', 291),
('BOTAN SINGH WORKERS', 294),
('BOTAN SINGH WORKERS', 295),
('BOTAN SINGH WORKERS', 296),
('BOTAN SINGH WORKERS', 298),
('BOTAN SINGH WORKERS', 299),
('BOTAN SINGH WORKERS', 300),
('BOTAN SINGH WORKERS', 301),
('BOTAN SINGH WORKERS', 302),
('BOTAN SINGH WORKERS', 304),
('BOTAN SINGH WORKERS', 313),
('BOTAN SINGH WORKERS', 314),
('BOTAN SINGH WORKERS', 315),
('BOTAN SINGH WORKERS', 316),
('BOTAN SINGH WORKERS', 317),
('BOTAN SINGH WORKERS', 319),
('GENERAL', 2000),
('TUBE MILL', 2004),
('SLITTING', 2005),
('TUBE MILL', 2009),
('WORKSHOP', 2016),
('ELECTRICAL', 2042),
('TUBE MILL', 2056),
('TUBE MILL', 2057),
('END FINISHING', 2059),
('TUBE MILL', 2063),
('DISPATCH', 2067),
('ELECTRICAL', 2070),
('END FINISHING', 2077),
('END FINISHING', 2078),
('END FINISHING', 2080),
('TUBE MILL', 2087),
('TUBE MILL', 4053),
('MAINTENANCE', 4167),
('DISPATCH', 10049),
('GENERAL', 10081),
('EOT', 22103);

CREATE TABLE designation_info (
    designation VARCHAR(255) ,
    emp_id INT,
    FOREIGN KEY (emp_id) REFERENCES employee_info(emp_id)
);
INSERT INTO designation_info (designation, emp_id) VALUES
('SR. ELECTRICIAN', 9),
('DISPATCH-INCHARGE', 10),
('MILL OPERATOR', 11),
('SLITTING INCHARGE', 13),
('FITTER', 17),
('SLITTNG OPERATOR', 18),
('MAINTENANCE HEAD', 19),
('FACING OPERATOR', 20),
('FACING OPERATOR', 26),
('MILL OPERATOR', 27),
('DISPATCH SUPERVISOR', 32),
('COC OPERATOR', 33),
('WORKSHOP INCHARGE', 35),
('COC OPERATOR', 39),
('HELPER', 46),
('SLITTING HELPER', 71),
('WELDER', 80),
('HELPER', 97),
('HELPER', 127),
('MAINTENANCE HELPER', 128),
('HELPER', 174),
('HELPER', 276),
('HELPER', 281),
('HELPER', 285),
('HELPER', 291),
('HELPER', 294),
('HELPER', 295),
('HELPER', 296),
('HELPER', 298),
('HELPER', 299),
('HELPER', 300),
('HELPER', 301),
('HELPER', 302),
('HELPER', 304),
('HELPER', 313),
('HELPER', 314),
('HELPER', 315),
('HELPER', 316),
('HELPER', 317),
('HELPER', 319),
('STORE SUPERVISOR', 2000),
('COC OPERATOR', 2004),
('SLITTING HELPER', 2005),
('PRODUCTION SUPERVISOR', 2009),
('WORKSHOP HELPER', 2016),
('JR. ELECTRICIAN', 2042),
('COC OPERATOR', 2056),
('WELDER', 2057),
('FACING HELPER', 2059),
('WELDER', 2063),
('DISPATCH SUPERVISOR', 2067),
('ELECTRICIAN HELPER', 2070),
('FACING OPERATOR', 2077),
('FACING HELPER', 2078),
('FACING HELPER', 2080),
('BABRI HELPER', 2087),
('ASSISTANT FOREMAN', 4053),
('MAINTENANCE HEAD', 4167),
('BILLING EXECUTIVE', 10049),
('IT EXECUTIVE', 10081),
('EOT MAINTENANCE', 22103);

CREATE TABLE attendance_info (
    emp_id INT,
    month VARCHAR(255),
    year INT,
    status VARCHAR(50),
    FOREIGN KEY (emp_id) REFERENCES employee_info(emp_id)
);
INSERT INTO attendance_info (emp_id, month, year, status) VALUES
(9, 'january', 2024, 'Present'),
(10, 'january', 2024, 'Absent'),
(11, 'january', 2024, 'Absent'),
(13, 'january', 2024, 'Absent'),
(17, 'january', 2024, 'Absent'),
(18, 'january', 2024, 'Absent'),
(19, 'january', 2024, 'Absent'),
(20, 'january', 2024, 'Absent'),
(26, 'january', 2024, 'Absent'),
(27, 'january', 2024, 'Present'),
(32, 'january', 2024, 'Absent'),
(33, 'january', 2024, 'Absent'),
(35, 'january', 2024, 'Present'),
(39, 'january', 2024, 'Absent'),
(46, 'january', 2024, 'Present'),
(71, 'january', 2024, 'Absent'),
(80, 'january', 2024, 'Absent'),
(97, 'january', 2024, 'Absent'),
(127, 'january', 2024, 'Absent'),
(128, 'january', 2024, 'Present'),
(174, 'january', 2024, 'Present'),
(276, 'january', 2024, 'Absent'),
(281, 'january', 2024, 'Present'),
(285, 'january', 2024, 'Absent'),
(291, 'january', 2024, 'Present'),
(294, 'january', 2024, 'Absent'),
(295, 'january', 2024, 'Absent'),
(296, 'january', 2024, 'Absent'),
(298, 'january', 2024, 'Present'),
(299, 'january', 2024, 'Absent'),
(300, 'january', 2024, 'Present'),
(301, 'january', 2024, 'Absent'),
(302, 'january', 2024, 'Absent'),
(304, 'january', 2024, 'Present'),
(313, 'january', 2024, 'Absent'),
(314, 'january', 2024, 'Absent'),
(315, 'january', 2024, 'Absent'),
(316, 'january', 2024, 'Present'),
(317, 'january', 2024, 'Present'),
(319, 'january', 2024, 'Present'),
(2000, 'january', 2024, 'Absent'),
(2004, 'january', 2024, 'Absent'),
(2005, 'january', 2024, 'Absent'),
(2009, 'january', 2024, 'Absent'),
(2016, 'january', 2024, 'Absent'),
(2042, 'january', 2024, 'Absent'),
(2056, 'january', 2024, 'Absent'),
(2057, 'january', 2024, 'Absent'),
(2059, 'january', 2024, 'Absent'),
(2063, 'january', 2024, 'Absent'),
(2067, 'january', 2024, 'Present'),
(2070, 'january', 2024, 'Absent'),
(2077, 'january', 2024, 'Present'),
(2078, 'january', 2024, 'Absent'),
(2080, 'january', 2024, 'Absent'),
(2087, 'january', 2024, 'Absent'),
(4053, 'january', 2024, 'Absent'),
(4167, 'january', 2024, 'Present'),
(10049, 'january', 2024, 'Present'),
(10081, 'january', 2024, 'Present'),
(22103, 'january', 2024, 'Present');

INSERT INTO attendance_info (emp_id, month, year, status) VALUES
(9, 'February', 2024, 'Absent'),
(10, 'February', 2024, 'Present'),
(11, 'February', 2024, 'Absent'),
(13, 'February', 2024, 'Absent'),
(17, 'February', 2024, 'Absent'),
(18, 'February', 2024, 'Present'),
(19, 'February', 2024, 'Absent'),
(20, 'February', 2024, 'Present'),
(26, 'February', 2024, 'Present'),
(27, 'February', 2024, 'Absent'),
(32, 'February', 2024, 'Absent'),
(33, 'February', 2024, 'Absent'),
(35, 'February', 2024, 'Present'),
(39, 'February', 2024, 'Present'),
(46, 'February', 2024, 'Absent'),
(71, 'February', 2024, 'Present'),
(80, 'February', 2024, 'Absent'),
(97, 'February', 2024, 'Present'),
(127, 'February', 2024, 'Absent'),
(128, 'February', 2024, 'Present'),
(174, 'February', 2024, 'Absent'),
(276, 'February', 2024, 'Absent'),
(281, 'February', 2024, 'Absent'),
(285, 'February', 2024, 'Present'),
(291, 'February', 2024, 'Present'),
(294, 'February', 2024, 'Absent'),
(295, 'February', 2024, 'Present'),
(296, 'February', 2024, 'Present'),
(298, 'February', 2024, 'Absent'),
(299, 'February', 2024, 'Absent'),
(300, 'February', 2024, 'Absent'),
(301, 'February', 2024, 'Present'),
(302, 'February', 2024, 'Absent'),
(304, 'February', 2024, 'Present'),
(313, 'February', 2024, 'Present'),
(314, 'February', 2024, 'Present'),
(315, 'February', 2024, 'Absent'),
(316, 'February', 2024, 'Absent'),
(317, 'February', 2024, 'Present'),
(319, 'February', 2024, 'Absent'),
(2000, 'February', 2024, 'Present'),
(2004, 'February', 2024, 'Absent'),
(2005, 'February', 2024, 'Absent'),
(2009, 'February', 2024, 'Present'),
(2016, 'February', 2024, 'Present'),
(2042, 'February', 2024, 'Absent'),
(2056, 'February', 2024, 'Present'),
(2057, 'February', 2024, 'Absent'),
(2059, 'February', 2024, 'Present'),
(2063, 'February', 2024, 'Absent'),
(2067, 'February', 2024, 'Present'),
(2070, 'February', 2024, 'Absent'),
(2077, 'February', 2024, 'Absent'),
(2078, 'February', 2024, 'Present'),
(2080, 'February', 2024, 'Present'),
(2087, 'February', 2024, 'Absent'),
(4053, 'February', 2024, 'Present'),
(4167, 'February', 2024, 'Absent'),
(10049, 'February', 2024, 'Present'),
(10081, 'February', 2024, 'Absent'),
(22103, 'February', 2024, 'Present');

INSERT INTO attendance_info (emp_id, month, year, status) VALUES
(9, 'March', 2024, 'Absent'),
(10, 'March', 2024, 'Present'),
(11, 'March', 2024, 'Absent'),
(13, 'March', 2024, 'Present'),
(17, 'March', 2024, 'Absent'),
(18, 'March', 2024, 'Present'),
(19, 'March', 2024, 'Absent'),
(20, 'March', 2024, 'Present'),
(26, 'March', 2024, 'Absent'),
(27, 'March', 2024, 'Present'),
(32, 'March', 2024, 'Absent'),
(33, 'March', 2024, 'Present'),
(35, 'March', 2024, 'Absent'),
(39, 'March', 2024, 'Present'),
(46, 'March', 2024, 'Absent'),
(71, 'March', 2024, 'Present'),
(80, 'March', 2024, 'Absent'),
(97, 'March', 2024, 'Present'),
(127, 'March', 2024, 'Absent'),
(128, 'March', 2024, 'Present'),
(174, 'March', 2024, 'Absent'),
(276, 'March', 2024, 'Present'),
(281, 'March', 2024, 'Absent'),
(285, 'March', 2024, 'Present'),
(291, 'March', 2024, 'Absent'),
(294, 'March', 2024, 'Present'),
(295, 'March', 2024, 'Absent'),
(296, 'March', 2024, 'Present'),
(298, 'March', 2024, 'Absent'),
(299, 'March', 2024, 'Present'),
(300, 'March', 2024, 'Absent'),
(301, 'March', 2024, 'Present'),
(302, 'March', 2024, 'Absent'),
(304, 'March', 2024, 'Present'),
(313, 'March', 2024, 'Absent'),
(314, 'March', 2024, 'Present'),
(315, 'March', 2024, 'Absent'),
(316, 'March', 2024, 'Present'),
(317, 'March', 2024, 'Absent'),
(319, 'March', 2024, 'Present'),
(2000, 'March', 2024, 'Absent'),
(2004, 'March', 2024, 'Present'),
(2005, 'March', 2024, 'Absent'),
(2009, 'March', 2024, 'Present'),
(2016, 'March', 2024, 'Absent'),
(2042, 'March', 2024, 'Present'),
(2056, 'March', 2024, 'Absent'),
(2057, 'March', 2024, 'Present'),
(2059, 'March', 2024, 'Absent'),
(2063, 'March', 2024, 'Present'),
(2067, 'March', 2024, 'Absent'),
(2070, 'March', 2024, 'Present'),
(2077, 'March', 2024, 'Absent'),
(2078, 'March', 2024, 'Present'),
(2080, 'March', 2024, 'Absent'),
(2087, 'March', 2024, 'Present'),
(4053, 'March', 2024, 'Absent'),
(4167, 'March', 2024, 'Present'),
(10049, 'March', 2024, 'Absent'),
(10081, 'March', 2024, 'Present'),
(22103, 'March', 2024, 'Absent');

INSERT INTO attendance_info (emp_id, month, year, status) VALUES
(9, 'April', 2024, 'Present'),
(10, 'April', 2024, 'Absent'),
(11, 'April', 2024, 'Present'),
(13, 'April', 2024, 'Present'),
(17, 'April', 2024, 'Absent'),
(18, 'April', 2024, 'Absent'),
(19, 'April', 2024, 'Present'),
(20, 'April', 2024, 'Present'),
(26, 'April', 2024, 'Present'),
(27, 'April', 2024, 'Absent'),
(32, 'April', 2024, 'Absent'),
(33, 'April', 2024, 'Present'),
(35, 'April', 2024, 'Present'),
(39, 'April', 2024, 'Absent'),
(46, 'April', 2024, 'Absent'),
(71, 'April', 2024, 'Present'),
(80, 'April', 2024, 'Absent'),
(97, 'April', 2024, 'Present'),
(127, 'April', 2024, 'Absent'),
(128, 'April', 2024, 'Present'),
(174, 'April', 2024, 'Present'),
(276, 'April', 2024, 'Present'),
(281, 'April', 2024, 'Present'),
(285, 'April', 2024, 'Absent'),
(291, 'April', 2024, 'Absent'),
(294, 'April', 2024, 'Absent'),
(295, 'April', 2024, 'Present'),
(296, 'April', 2024, 'Absent'),
(298, 'April', 2024, 'Present'),
(299, 'April', 2024, 'Absent'),
(300, 'April', 2024, 'Absent'),
(301, 'April', 2024, 'Present'),
(302, 'April', 2024, 'Present'),
(304, 'April', 2024, 'Absent'),
(313, 'April', 2024, 'Absent'),
(314, 'April', 2024, 'Present'),
(315, 'April', 2024, 'Absent'),
(316, 'April', 2024, 'Present'),
(317, 'April', 2024, 'Present'),
(319, 'April', 2024, 'Absent'),
(2000, 'April', 2024, 'Absent'),
(2004, 'April', 2024, 'Present'),
(2005, 'April', 2024, 'Absent'),
(2009, 'April', 2024, 'Absent'),
(2016, 'April', 2024, 'Present'),
(2042, 'April', 2024, 'Present'),
(2056, 'April', 2024, 'Absent'),
(2057, 'April', 2024, 'Absent'),
(2059, 'April', 2024, 'Present'),
(2063, 'April', 2024, 'Present'),
(2067, 'April', 2024, 'Absent'),
(2070, 'April', 2024, 'Absent'),
(2077, 'April', 2024, 'Absent'),
(2078, 'April', 2024, 'Present'),
(2080, 'April', 2024, 'Present'),
(2087, 'April', 2024, 'Absent'),
(4053, 'April', 2024, 'Present'),
(4167, 'April', 2024, 'Absent'),
(10049, 'April', 2024, 'Present'),
(10081, 'April', 2024, 'Absent'),
(22103, 'April', 2024, 'Present');

CREATE TABLE attendance_timing (
    emp_id INT,
    intime TIME,
    outime TIME,
	FOREIGN KEY (emp_id) REFERENCES employee_info(emp_id)
);
INSERT INTO attendance_timing (emp_id, intime, outime) VALUES
(9, '09:00', '18:00'),
(10, '09:00', '18:00'),
(11, '09:00', '18:00'),
(13, '09:00', '18:00'),
(17, '09:00', '18:00'),
(18, '09:00', '18:00'),
(19, '09:00', '18:00'),
(20, '09:00', '18:00'),
(26, '09:00', '18:00'),
(27, '09:00', '18:00'),
(32, '09:00', '18:00'),
(33, '09:00', '18:00'),
(35, '09:00', '18:00'),
(39, '09:00', '18:00'),
(46, '09:00', '18:00'),
(71, '09:00', '18:00'),
(80, '09:00', '18:00'),
(97, '09:00', '18:00'),
(127, '09:00', '18:00'),
(128, '09:00', '18:00'),
(174, '09:00', '18:00'),
(276, '09:00', '18:00'),
(281, '09:00', '18:00'),
(285, '09:00', '18:00'),
(291, '09:00', '18:00'),
(294, '09:00', '18:00'),
(295, '09:00', '18:00'),
(296, '09:00', '18:00'),
(298, '09:00', '18:00'),
(299, '09:00', '18:00'),
(300, '20:00', '04:00'),
(301, '20:00', '04:00'),
(302, '20:00', '04:00'),
(304, '20:00', '04:00'),
(313, '20:00', '04:00'),
(314, '20:00', '04:00'),
(315, '20:00', '04:00'),
(316, '20:00', '04:00'),
(317, '20:00', '04:00'),
(319, '20:00', '04:00'),
(2000, '20:00', '04:00'),
(2004, '20:00', '04:00'),
(2005, '20:00', '04:00'),
(2009, '20:00', '04:00'),
(2016, '20:00', '04:00'),
(2042, '20:00', '04:00'),
(2056, '20:00', '04:00'),
(2057, '20:00', '04:00'),
(2059, '20:00', '04:00'),
(2063, '20:00', '04:00'),
(2067, '20:00', '04:00'),
(2070, '20:00', '04:00'),
(2077, '20:00', '04:00'),
(2078, '20:00', '04:00'),
(2080, '20:00', '04:00'),
(2087, '20:00', '04:00'),
(4053, '20:00', '04:00'),
(4167, '20:00', '04:00'),
(10049, '20:00', '04:00'),
(10081, '20:00', '04:00'),
(22103, '20:00', '04:00');








